[
  {
    "id": 1,
    "name": "Jacket & Blazer"
  },
  {
    "id": 2,
    "name": "Blouson & Jaket Hoodie"
  },
  {
    "id": 3,
    "name": "Coat"
  },
  {
    "id": 4,
    "name": "Sweaters & Cardigans"
  },
  {
    "id": 5,
    "name": "T-Shirt"
  },
  {
    "id": 6,
    "name": "Casual Shirt (Long Sleeves)"
  },
  {
    "id": 7,
    "name": "Outerwear"
  },
  {
    "id": 8,
    "name": "Jeans"
  },
  {
    "id": 9,
    "name": "Shirts & Blouses"
  }
   
]