[
  {
    "ProductId": 1,
    "imgUrl": "https://image.uniqlo.com/UQ/ST3/id/imagesgoods/453055/sub/idgoods_453055_sub7.jpg?width=750"
  },
  {
    "ProductId": 1,
    "imgUrl": "https://image.uniqlo.com/UQ/ST3/id/imagesgoods/453055/sub/idgoods_453055_sub8.jpg?width=750"
  },
  {
    "ProductId": 1,
    "imgUrl": "https://image.uniqlo.com/UQ/ST3/id/imagesgoods/453055/sub/idgoods_453055_sub9.jpg?width=750"
  },
  {
    "ProductId": 1,
    "imgUrl": "https://image.uniqlo.com/UQ/ST3/AsianCommon/imagesgoods/453055/sub/goods_453055_sub12.jpg?width=750"
  },
  {
    "ProductId": 2,
    "imgUrl": "https://image.uniqlo.com/UQ/ST3/id/imagesgoods/457985/sub/idgoods_457985_sub7.jpg?width=750"
  },
  {
    "ProductId": 2,
    "imgUrl": "https://image.uniqlo.com/UQ/ST3/id/imagesgoods/457985/sub/idgoods_457985_sub8.jpg?width=750"
  },
  {
    "ProductId": 2,
    "imgUrl": "https://image.uniqlo.com/UQ/ST3/AsianCommon/imagesgoods/457985/sub/goods_457985_sub12.jpg?width=750"
  },
  {
    "ProductId": 2,
    "imgUrl": "https://image.uniqlo.com/UQ/ST3/AsianCommon/imagesgoods/457985/sub/goods_457985_sub12.jpg?width=750"
  },
  {
    "ProductId": 3,
    "imgUrl": "https://image.uniqlo.com/UQ/ST3/AsianCommon/imagesgoods/459616/sub/goods_459616_sub11.jpg?width=750"
  },
  {
    "ProductId": 3,
    "imgUrl": "https://image.uniqlo.com/UQ/ST3/id/imagesgoods/459616/sub/idgoods_459616_sub9.jpg?width=750"
  },
  {
    "ProductId": 3,
    "imgUrl": "https://image.uniqlo.com/UQ/ST3/id/imagesgoods/459616/sub/idgoods_459616_sub7.jpg?width=750"
  },
  {
    "ProductId": 3,
    "imgUrl": "https://image.uniqlo.com/UQ/ST3/AsianCommon/imagesgoods/459616/sub/goods_459616_sub14.jpg?width=750"
  },
  {
    "ProductId": 4,
    "imgUrl": "https://image.uniqlo.com/UQ/ST3/id/imagesgoods/453773/sub/idgoods_453773_sub9.jpg?width=750"
  },
  {
    "ProductId": 4,
    "imgUrl": "https://image.uniqlo.com/UQ/ST3/id/imagesgoods/453773/sub/idgoods_453773_sub8.jpg?width=750"
  },
  {
    "ProductId": 4,
    "imgUrl": "https://image.uniqlo.com/UQ/ST3/id/imagesgoods/453773/sub/idgoods_453773_sub7.jpg?width=750"
  },
  {
    "ProductId": 5,
    "imgUrl": "https://image.uniqlo.com/UQ/ST3/id/imagesgoods/457988/sub/idgoods_457988_sub7.jpg?width=750"
  },
  {
    "ProductId": 5,
    "imgUrl": "https://image.uniqlo.com/UQ/ST3/id/imagesgoods/457988/sub/idgoods_457988_sub9.jpg?width=750"
  },
  {
    "ProductId": 5,
    "imgUrl": "https://image.uniqlo.com/UQ/ST3/AsianCommon/imagesgoods/457988/sub/goods_457988_sub13.jpg?width=750"
  },
  
  
  {
    "ProductId": 6,
    "imgUrl": "https://image.uniqlo.com/UQ/ST3/id/imagesgoods/453760/sub/idgoods_453760_sub7.jpg?width=750"
  },
  {
    "ProductId": 6,
    "imgUrl": "https://image.uniqlo.com/UQ/ST3/id/imagesgoods/453760/sub/idgoods_453760_sub9.jpg?width=750"
  },
  {
    "ProductId": 6,
    "imgUrl": "https://image.uniqlo.com/UQ/ST3/AsianCommon/imagesgoods/453760/sub/goods_453760_sub11.jpg?width=750"
  },
  {
    "ProductId": 7,
    "imgUrl": "https://image.uniqlo.com/UQ/ST3/id/imagesgoods/456972/sub/idgoods_456972_sub7.jpg?width=750"
  },
  {
    "ProductId": 7,
    "imgUrl": "https://image.uniqlo.com/UQ/ST3/id/imagesgoods/456972/sub/idgoods_456972_sub8.jpg?width=750"
  },
  {
    "ProductId": 7,
    "imgUrl": "https://image.uniqlo.com/UQ/ST3/AsianCommon/imagesgoods/456972/sub/goods_456972_sub12.jpg?width=750"
  },  
  {
    "ProductId": 8,
    "imgUrl": "https://image.uniqlo.com/UQ/ST3/id/imagesgoods/455406/sub/idgoods_455406_sub7.jpg?width=750"
  },
  {
    "ProductId": 8,
    "imgUrl": "https://image.uniqlo.com/UQ/ST3/id/imagesgoods/455406/sub/idgoods_455406_sub9.jpg?width=750"
  },
  {
    "ProductId": 8,
    "imgUrl": "https://image.uniqlo.com/UQ/ST3/AsianCommon/imagesgoods/455406/sub/goods_455406_sub17.jpg?width=750"
  }, 
  {
    "ProductId": 9,
    "imgUrl": "https://image.uniqlo.com/UQ/ST3/id/imagesgoods/457429/sub/idgoods_457429_sub7.jpg?width=750"
  },
  {
    "ProductId": 9,
    "imgUrl": "https://image.uniqlo.com/UQ/ST3/id/imagesgoods/457429/sub/idgoods_457429_sub8.jpg?width=750"
  },
  {
    "ProductId": 9,
    "imgUrl": "https://image.uniqlo.com/UQ/ST3/AsianCommon/imagesgoods/457429/sub/goods_457429_sub11.jpg?width=750"
  },
  {
    "ProductId": 10,
    "imgUrl": "https://image.uniqlo.com/UQ/ST3/id/imagesgoods/455966/sub/idgoods_455966_sub7.jpg?width=750"
  },
  {
    "ProductId": 10,
    "imgUrl": "https://image.uniqlo.com/UQ/ST3/id/imagesgoods/455966/sub/idgoods_455966_sub8.jpg?width=750" 
  },
  {
    "ProductId": 10,
    "imgUrl": "https://image.uniqlo.com/UQ/ST3/id/imagesgoods/455966/sub/idgoods_455966_sub9.jpg?width=750"
  },
  
  
  
  
  {
    "ProductId": 11,
    "imgUrl": "https://image.uniqlo.com/UQ/ST3/id/imagesgoods/456547/sub/idgoods_456547_sub8.jpg?width=750"
  },
  {
    "ProductId": 11,
    "imgUrl": "https://image.uniqlo.com/UQ/ST3/id/imagesgoods/456547/sub/idgoods_456547_sub9.jpg?width=750"
  },
  {
    "ProductId": 11,
    "imgUrl": "https://image.uniqlo.com/UQ/ST3/AsianCommon/imagesgoods/456547/sub/goods_456547_sub11.jpg?width=750"
  },
  {
    "ProductId": 11,
    "imgUrl": "https://image.uniqlo.com/UQ/ST3/AsianCommon/imagesgoods/456547/sub/goods_456547_sub20.jpg?width=750"
  },
  {
    "ProductId": 12,
    "imgUrl": "https://image.uniqlo.com/UQ/ST3/id/imagesgoods/454485/sub/idgoods_454485_sub7.jpg?width=750"
  },
  {
    "ProductId": 12,
    "imgUrl": "https://image.uniqlo.com/UQ/ST3/id/imagesgoods/454485/sub/idgoods_454485_sub8.jpg?width=750"
  },
  {
    "ProductId": 12,
    "imgUrl": "https://image.uniqlo.com/UQ/ST3/id/imagesgoods/454485/sub/idgoods_454485_sub9.jpg?width=750"
  },
  {
    "ProductId": 13,
    "imgUrl": "https://image.uniqlo.com/UQ/ST3/id/imagesgoods/456043/sub/idgoods_456043_sub9.jpg?width=750"
  },
  {
    "ProductId": 13,
    "imgUrl": "https://image.uniqlo.com/UQ/ST3/id/imagesgoods/456043/sub/idgoods_456043_sub8.jpg?width=750"
  },
  {
    "ProductId": 13,
    "imgUrl": "https://image.uniqlo.com/UQ/ST3/id/imagesgoods/456043/sub/idgoods_456043_sub7.jpg?width=750"
  },
  {
    "ProductId": 14,
    "imgUrl": "https://image.uniqlo.com/UQ/ST3/id/imagesgoods/457216/sub/idgoods_457216_sub7.jpg?width=750"
  },
  {
    "ProductId": 14,
    "imgUrl": "https://image.uniqlo.com/UQ/ST3/id/imagesgoods/457216/sub/idgoods_457216_sub9.jpg?width=750"
  },
  {
    "ProductId": 14,
    "imgUrl": "https://image.uniqlo.com/UQ/ST3/AsianCommon/imagesgoods/457216/sub/goods_457216_sub14.jpg?width=750"
  },
  {
    "ProductId": 15,
    "imgUrl": "https://image.uniqlo.com/UQ/ST3/id/imagesgoods/458664/sub/idgoods_458664_sub9.jpg?width=750"
  },
  {
    "ProductId": 15,
    "imgUrl": "https://image.uniqlo.com/UQ/ST3/id/imagesgoods/458664/sub/idgoods_458664_sub7.jpg?width=750"
  }, 
  {
    "ProductId": 16,
    "imgUrl": "https://image.uniqlo.com/UQ/ST3/id/imagesgoods/454380/sub/idgoods_454380_sub9.jpg?width=750"
  }, 
  {
    "ProductId": 16,
    "imgUrl": "https://image.uniqlo.com/UQ/ST3/AsianCommon/imagesgoods/454380/sub/goods_454380_sub11.jpg?width=750"
  }, 
  {
    "ProductId": 17,
    "imgUrl": "https://image.uniqlo.com/UQ/ST3/id/imagesgoods/454371/sub/idgoods_454371_sub8.jpg?width=750"
  }, 
  {
    "ProductId": 17,
    "imgUrl": "https://image.uniqlo.com/UQ/ST3/id/imagesgoods/454371/sub/idgoods_454371_sub9.jpg?width=750"
  }, 
  {
    "ProductId": 18,
    "imgUrl": "https://image.uniqlo.com/UQ/ST3/id/imagesgoods/458344/sub/idgoods_458344_sub7.jpg?width=750"
  }, 
  {
    "ProductId": 18,
    "imgUrl": "https://image.uniqlo.com/UQ/ST3/id/imagesgoods/458344/sub/idgoods_458344_sub9.jpg?width=750"
  }, 
  {
    "ProductId": 18,
    "imgUrl": "https://image.uniqlo.com/UQ/ST3/AsianCommon/imagesgoods/458344/sub/goods_458344_sub12.jpg?width=750"
  }, 
  {
    "ProductId": 19,
    "imgUrl": "https://image.uniqlo.com/UQ/ST3/AsianCommon/imagesgoods/456544/sub/goods_456544_sub11.jpg?width=750"
  }, 
  {
    "ProductId": 19,
    "imgUrl": "https://image.uniqlo.com/UQ/ST3/AsianCommon/imagesgoods/456544/sub/goods_456544_sub18.jpg?width=750"
  }, 
  {
    "ProductId": 20,
    "imgUrl": "https://image.uniqlo.com/UQ/ST3/id/imagesgoods/454484/sub/idgoods_454484_sub8.jpg?width=750"
  }, 
  {
    "ProductId": 20,
    "imgUrl": "https://image.uniqlo.com/UQ/ST3/id/imagesgoods/454484/sub/idgoods_454484_sub9.jpg?width=750"
  }
]