[
  {
    "id": 1,
    "name": "Down Recycle Jacket",
    "description": "Men's Jacket with stylish collarless design. The collarless design makes it suitable for both the outer and mid-layers.",
    "price": 290000,
    "mainImg": "https://image.uniqlo.com/UQ/ST3/id/imagesgoods/453055/item/idgoods_57_453055.jpg?width=750",  
    "CategoryId": 1,
    "TypeId": 1,
    "AuthorId": 1
  },
  {
    "id": 2,
    "name": "U Short Jacket",
    "price": 999000,
    "description": "A suitable Men's Jacket is superimposed under the coat. It is short in size so it fits into a variety of voluminous pants.",
    "mainImg": "https://image.uniqlo.com/UQ/ST3/id/imagesgoods/457985/item/idgoods_30_457985.jpg?width=750",
    "CategoryId": 1,
    "TypeId": 1,
    "AuthorId": 1
  },
  {
    "id": 3,
    "name": "UV Protection Pocket Parka Jacket (3D Cut)", 
    "price": 499000,
    "description": "Men's Hoodie jacket that combines high design and functionality for outdoor and casual",
    "mainImg": "https://image.uniqlo.com/UQ/ST3/id/imagesgoods/459616/item/idgoods_62_459616.jpg?width=750",
    "CategoryId": 2,
    "TypeId": 1,
    "AuthorId": 1
  },
  {
    "id": 4,
    "name": "UV Protection Pocket Yony Jacket (3D Cut)", 
    "price": 499000,
    "description": "Men's hoodie jacket that is practical for daily needs. 3D cuts for ease of movement. With UPF 40.",
    "mainImg": "https://image.uniqlo.com/UQ/ST3/AsianCommon/imagesgoods/453773/sub/goods_453773_sub12.jpg?width=750",
    "CategoryId": 2,
    "TypeId": 1,
    "AuthorId": 1
  },
  {
    "id": 5,
    "name": "U Single Breasted Oversize Coat", 
    "price": 690000,
    "description": "An oversize coat that goes well with any top. Perfect for cold weather.",
    "mainImg": "https://image.uniqlo.com/UQ/ST3/id/imagesgoods/457988/sub/idgoods_457988_sub1.jpg?width=750",
    "CategoryId": 3,
    "TypeId": 1,
    "AuthorId": 1
  },
  {
    "id": 6,
    "name": "Round Collar Washable Cotton Sweater", 
    "price": 399000,
    "description": "Men's Sweater with elegant texture and color, with stylish cut and sleek fit.",
    "mainImg": "https://image.uniqlo.com/UQ/ST3/id/imagesgoods/453760/item/idgoods_43_453760.jpg?width=750",
    "CategoryId": 4,
    "TypeId": 1,
    "AuthorId": 1
  },
  {
    "id": 7,
    "name": "Uniqlo U 3/4 Sleeve Round Collar T-Shirt", 
    "price": 299000,
    "description": "Men's T-shirt of 100% soft cotton material. Wide cut with pocket accents on the chest.",
    "mainImg": "https://image.uniqlo.com/UQ/ST3/AsianCommon/imagesgoods/456972/sub/goods_456972_sub11.jpg?width=750",
    "CategoryId": 5,
    "TypeId": 1,
    "AuthorId": 1
  },
  {
    "id": 8,
    "name": "Long Sleeve Line T-Shirt", 
    "price": 299000,
    "description": "T-shirt line made of 100% cotton. With a unique retro style",
    "mainImg": "https://image.uniqlo.com/UQ/ST3/id/imagesgoods/455406/item/idgoods_69_455406.jpg?width=750",
    "CategoryId": 5,
    "TypeId": 1,
    "AuthorId": 1
  },
  {
    "id": 9,
    "name": "Upright Collar Line Cotton Linen Shirt", 
    "price": 499000,
    "description": "Men's Shirt with updated material. It is soft cool, and comfortable to wear. Koko clothes with contemporary fashionable designs",
    "mainImg": "https://image.uniqlo.com/UQ/ST3/id/imagesgoods/457429/item/idgoods_66_457429.jpg?width=750",
    "CategoryId": 6,
    "TypeId": 1,
    "AuthorId": 1
  },
  {
    "id": 10,
    "name": "Upright Collar Cotton Linen Shirt", 
    "price": 499000,
    "description": "Men's shirt with renewed material so that it feels soft, cool, and comfortable to wear. Koko clothes with contemporary fashionable designs",
    "mainImg": "https://image.uniqlo.com/UQ/ST3/id/imagesgoods/455966/item/idgoods_56_455966.jpg?width=750",
    "CategoryId": 6,
    "TypeId": 1,
    "AuthorId": 1
  },
  
  
  
  
  
  
  {
    "id": 11,
    "name": "KIDS AIRism Cotton Short Sleeve Graphic T-Shirt", 
    "price": 149000,
    "description": "Children's T-shirt from smooth AIRism material with a stylish cotton look. Casual cuts with a surf theme",
    "mainImg": "https://image.uniqlo.com/UQ/ST3/id/imagesgoods/456547/sub/idgoods_456547_sub7.jpg?width=750",
    "CategoryId": 7,
    "TypeId": 3,
    "AuthorId": 1
  },
  {
    "id": 12,
    "name": "KIDS T-Shirt Cotton Color Round Collar", 
    "price": 79000,
    "description": "Stylish T-shirt for Kids with updated cuts and materials.",
    "mainImg": "https://image.uniqlo.com/UQ/ST3/AsianCommon/imagesgoods/454485/sub/goods_454485_sub11.jpg?width=750",
    "CategoryId": 7,
    "TypeId": 3,
    "AuthorId": 1
  },
  {
    "id": 13,
    "name": "KIDS Long Sleeve Round Collar Waffle T-Shirt", 
    "price": 199000,
    "description": "Unique waffle-textured Children's T-shirts in a casual and wide cut.",
    "mainImg": "https://image.uniqlo.com/UQ/ST3/AsianCommon/imagesgoods/456043/sub/goods_456043_sub11.jpg?width=750",
    "CategoryId": 7,
    "TypeId": 3,
    "AuthorId": 1
  },
  {
    "id": 14,
    "name": "KIDS Sweat Hoodie Looney Tunes", 
    "price": 299000,
    "description": "A Looney Tunes collection featuring beloved Bugs Bunny. In celebration of the Year of the Rabbit and the 100th anniversary of Warner Bros",
    "mainImg": "https://image.uniqlo.com/UQ/ST3/id/imagesgoods/457216/item/idgoods_63_457216.jpg?width=750",
    "CategoryId": 7,
    "TypeId": 3,
    "AuthorId": 1
  },
  {
    "id": 15,
    "name": "KIDS UT Retro Peanuts Short Sleeves", 
    "price": 149000,
    "description": "This collection is inspired by vintage Peanuts T-shirts",
    "mainImg": "https://image.uniqlo.com/UQ/ST3/AsianCommon/imagesgoods/458664/sub/goods_458664_sub11.jpg?width=750",
    "CategoryId": 7,
    "TypeId": 3,
    "AuthorId": 1
  },
  {
    "id": 16,
    "name": "KIDS Long Sleeve Ultra Stretch Graphic Sweater", 
    "price": 299000,
    "description": "Children's Sweater from comfortable and pliable material. With graphic logo design",
    "mainImg": "https://image.uniqlo.com/UQ/ST3/id/imagesgoods/454380/sub/idgoods_454380_sub8.jpg?width=750",
    "CategoryId": 7,
    "TypeId": 3,
    "AuthorId": 1
  },
  {
    "id": 17,
    "name": "KIDS Ultra Stretch Soft Jeans", 
    "price": 399000,
    "description": "Children's jeans with amazing flexibility, comfortable to wear and look stylish. With zippers for an authentic look",
    "mainImg": "https://image.uniqlo.com/UQ/ST3/id/imagesgoods/454371/sub/idgoods_454371_sub7.jpg?width=750",
    "CategoryId": 8,
    "TypeId": 3,
    "AuthorId": 1
  },
  {
    "id": 18,
    "name": "KIDS Open Collar Cotton Shirt", 
    "price": 299000,
    "description": "Children's Shirts made of 100% soft cotton. A casual cut that fits in by itself, superimposed a jacket, and served as an outer.",
    "mainImg": "https://image.uniqlo.com/UQ/ST3/id/imagesgoods/458344/sub/idgoods_458344_sub8.jpg?width=750",
    "CategoryId": 9,
    "TypeId": 3,
    "AuthorId": 1
  },
  {
    "id": 19,
    "name": "KIDS Rayon Shirt Open Collar Motif", 
    "price": 299000,
    "description": "Children's shirt with a relaxed open-collar design. It can also be worn as an outer layer.",
    "mainImg": "https://image.uniqlo.com/UQ/ST3/id/imagesgoods/456544/item/idgoods_55_456544.jpg?width=750",
    "CategoryId": 9,
    "TypeId": 3,
    "AuthorId": 1
  },
  {
    "id": 20,
    "name": "KIDS Cotton Shirt Linen Upright Collar", 
    "price": 299000,
    "description": "Children's Shirts from light and comfortable materials. A relaxing piece that fits into an outer layer.",
    "mainImg": "https://image.uniqlo.com/UQ/ST3/id/imagesgoods/454484/item/idgoods_69_454484.jpg?width=750",
    "CategoryId": 9,
    "TypeId": 3,
    "AuthorId": 1
  } 
  
]